"key","fr_missing","ar_missing","fr_equals_en","ar_equals_en"
"accessibility.skipToContent","1","1","",""
"accessibility.title","1","1","",""
"accessibility.intro","1","1","",""
"accessibility.onThisPage","1","1","",""
"accessibility.toc.state","1","1","",""
"accessibility.toc.results","1","1","",""
"accessibility.toc.nonAccessible","1","1","",""
"accessibility.toc.alternatives","1","1","",""
"accessibility.toc.technologies","1","1","",""
"accessibility.toc.improvementContact","1","1","",""
"accessibility.toc.remedies","1","1","",""
"accessibility.toc.updated","1","1","",""
"accessibility.state.title","1","1","",""
"accessibility.state.content","1","1","",""
"accessibility.results.title","1","1","",""
"accessibility.results.rate","1","1","",""
"accessibility.results.pages","1","1","",""
"accessibility.nonAccessible.title","1","1","",""
"accessibility.nonAccessible.item1","1","1","",""
"accessibility.nonAccessible.item2","1","1","",""
"accessibility.nonAccessible.item3","1","1","",""
"accessibility.nonAccessible.derogations","1","1","",""
"accessibility.alternatives.title","1","1","",""
"accessibility.alternatives.item1","1","1","",""
"accessibility.alternatives.item2","1","1","",""
"accessibility.alternatives.item3","1","1","",""
"accessibility.tech.title","1","1","",""
"accessibility.tech.content","1","1","",""
"accessibility.contact.title","1","1","",""
"accessibility.contact.content","1","1","",""
"accessibility.contact.formLink","1","1","",""
"accessibility.remedies.title","1","1","",""
"accessibility.remedies.content","1","1","",""
"accessibility.updated.title","1","1","",""
"accessibility.updated.content","1","1","",""
"activationKey.help","1","1","",""
"agentDashboard.createTicketButton","1","1","",""
"agentDashboard.loadingTickets","1","1","",""
"agentDashboard.myTicketsTitle","1","1","",""
"agentDashboard.noMyTickets","1","1","",""
"agentDashboard.notApplicableShort","1","1","",""
"agentDashboard.noUnassignedTickets","1","1","",""
"agentDashboard.subtitle","1","1","",""
"agentDashboard.tableHeader.action","1","1","",""
"agentDashboard.tableHeader.client","1","1","",""
"agentDashboard.tableHeader.created","1","1","",""
"agentDashboard.tableHeader.lastUpdated","1","1","",""
"agentDashboard.tableHeader.status","1","1","",""
"agentDashboard.tableHeader.title","1","1","",""
"agentDashboard.tableHeader.workstation","1","1","",""
"agentDashboard.takeChargeButton","1","1","",""
"agentDashboard.title","1","1","",""
"agentDashboard.unassignedTicketsTitle","1","1","",""
"agentDashboard.viewTicketButton","1","1","",""
"appContext.error.aiFollowUpFailed","1","1","",""
"appContext.error.summaryGenerationFailed","1","1","",""
"appName","","","1",""
"appointment.confirm_body","","","",""
"appointment.confirm_title","","","",""
"appointment.delete_button","","","",""
"appointment.delete_error","","","",""
"appointment.delete_success","","","",""
"appointment.chat.agentProposed","1","1","",""
"appointment.chat.userConfirmed","1","1","",""
"appointment.chat.userWantsToReschedule","1","1","",""
"appointment.confirm_body","","","",""
"appointment.confirm_title","","","",""
"appointment.currentStatusLabel","1","1","",""
"appointment.delete","1","1","",""
"appointment.delete_button","","","",""
"appointment.delete_error","","","",""
"appointment.delete_success","","","",""
"appointment.deleted_banner","1","1","",""
"appointment.deleting","1","1","",""
"appointment.detailsLabel","1","1","",""
"appointment.form.cancelButton","1","1","",""
"appointment.form.dateLabel","1","1","",""
"appointment.form.locationMethodLabel","1","1","",""
"appointment.form.locationMethodPlaceholder","1","1","",""
"appointment.form.submitButton","1","1","",""
"appointment.form.timeLabel","1","1","",""
"appointment.form.title","1","1","",""
"appointment.proposeButtonLabel","1","1","",""
"appointment.status.cancelled_by_agent","1","1","",""
"appointment.status.cancelled_by_user","1","1","",""
"appointment.status.confirmed","1","1","",""
"appointment.status.pending_agent_approval","1","1","",""
"appointment.status.pending_user_approval","1","1","",""
"appointment.status.rescheduled_by_agent","1","1","",""
"appointment.status.rescheduled_by_user","1","1","",""
"appointment.undo","1","1","",""
"appointment.user.acceptButton","1","1","",""
"appointment.user.pendingApprovalTitle","1","1","",""
"appointment.user.proposalDetails","1","1","",""
"appointment.user.suggestDifferentButton","1","1","",""
"appointments.delete_error","1","1","",""
"appointments.delete_success","1","1","",""
"chatMessage.speakMessageLabel","1","1","",""
"chatMessage.stopSpeakingLabel","1","1","",""
"chatMessage.systemSummaryTitle","1","1","",""
"common.cancel","","","",""
"common.confirm","","","",""
"common.delete","","","",""
"common.deleting","","","",""
"common.cancel","","","",""
"common.close","1","1","",""
"common.confirm","","","",""
"common.deleting","","","",""
"contact.email.address","1","1","",""
"contact.email.label","1","1","",""
"contact.pageTitle","1","1","",""
"contact.subtitle","1","1","",""
"contact.video.subtitle","1","1","",""
"contact.video.title","1","1","",""
"contact.video.watchFull","1","1","",""
"cookieConsent.acceptButton","1","1","",""
"cookieConsent.message","1","1","",""
"cookieConsent.privacyPolicyLink","1","1","",""
"cta.cancel","","","",""
"cta.confirm","","","",""
"cta.continue","","","",""
"dashboard.createNewTicketButton","1","1","",""
"dashboard.headerSubtitle","1","1","",""
"dashboard.noTicketsSubtitle","1","1","",""
"dashboard.noTicketsTitle","1","1","",""
"dashboard.company.loading","1","1","",""
"dashboard.company.unknown","1","1","",""
"dashboard.requestMaterialInvestigationButton","1","1","",""
"dashboard.quota.blocked","1","1","",""
"dashboard.quota.near_limit","1","1","",""
"dashboard.quota.title","1","1","",""
"dashboard.quota.unlimited","1","1","",""
"dashboard.quota.upgrade_cta","1","1","",""
"dashboard.quota.value","1","1","",""
"dashboard.quota.remaining","1","1","",""
"dashboard.quota.percentChunk","1","1","",""
"dashboard.quota.tzHint","1","1","",""
"dashboard.quota.unlimitedBadge","1","1","",""
"dashboard.manager.badge","1","1","",""
"dashboard.manager.title","1","1","",""
"dashboard.manager.subtitle","1","1","",""
"dashboard.manager.company.label","1","1","",""
"dashboard.manager.company.nameLabel","1","1","",""
"dashboard.manager.company.cardTitle","1","1","",""
"dashboard.manager.company.cardSubtitle","1","1","",""
"dashboard.manager.company.onboardingHint","1","1","",""
"dashboard.manager.company.planLabel","1","1","",""
"dashboard.manager.company.planUnknown","1","1","",""
"dashboard.manager.company.unlimited","1","1","",""
"dashboard.manager.company.limitHelper","1","1","",""
"dashboard.manager.company.supportTitle","1","1","",""
"dashboard.manager.company.supportSubtitle","1","1","",""
"dashboard.manager.company.supportCta","1","1","",""
"dashboard.manager.company.helpLink","1","1","",""
"dashboard.manager.company.faqLink","1","1","",""
"dashboard.manager.stats.totalTickets","1","1","",""
"dashboard.manager.stats.totalHelp","1","1","",""
"dashboard.manager.stats.open","1","1","",""
"dashboard.manager.stats.openHelp","1","1","",""
"dashboard.manager.stats.remaining","1","1","",""
"dashboard.manager.stats.noLimit","1","1","",""
"dashboard.manager.invite.title","1","1","",""
"dashboard.manager.invite.subtitle","1","1","",""
"dashboard.manager.filters.title","1","1","",""
"dashboard.manager.filters.subtitle","1","1","",""
"dashboard.manager.filtered.title","1","1","",""
"dashboard.manager.filtered.subtitle","1","1","",""
"dashboard.manager.filtered.active","1","1","",""
"dashboard.manager.users.title","1","1","",""
"dashboard.manager.users.subtitle","1","1","",""
"dashboard.manager.welcome.title","1","1","",""
"dashboard.manager.welcome.congratulations","1","1","",""
"dashboard.manager.welcome.body","1","1","",""
"dashboard.manager.welcome.close","1","1","",""
"dashboard.agent.badge","1","1","",""
"dashboard.agent.title","1","1","",""
"dashboard.agent.subtitle","1","1","",""
"dashboard.agent.stats.assigned","1","1","",""
"dashboard.agent.stats.assignedHelp","1","1","",""
"dashboard.agent.stats.open","1","1","",""
"dashboard.agent.stats.openHelp","1","1","",""
"dashboard.agent.stats.priority","1","1","",""
"dashboard.agent.stats.priorityHelp","1","1","",""
"dashboard.agent.stats.resolved","1","1","",""
"dashboard.agent.stats.resolvedHelp","1","1","",""
"dashboard.agent.myTickets.title","1","1","",""
"dashboard.agent.myTickets.subtitle","1","1","",""
"dashboard.agent.unassigned.title","1","1","",""
"dashboard.agent.unassigned.subtitle","1","1","",""
"dashboard.agent.tools.title","1","1","",""
"dashboard.agent.tools.subtitle","1","1","",""
"dashboard.agent.tools.newTicket","1","1","",""
"dashboard.agent.tools.knowledge","1","1","",""
"dashboard.agent.tools.faq","1","1","",""
"dashboard.user.badge","1","1","",""
"dashboard.user.title","1","1","",""
"dashboard.user.subtitle","1","1","",""
"dashboard.user.stats.total","1","1","",""
"dashboard.user.stats.totalHelp","1","1","",""
"dashboard.user.stats.open","1","1","",""
"dashboard.user.stats.openHelp","1","1","",""
"dashboard.user.stats.resolved","1","1","",""
"dashboard.user.stats.resolvedHelp","1","1","",""
"dashboard.user.recent.title","1","1","",""
"dashboard.user.recent.subtitle","1","1","",""
"dashboard.user.cta.title","1","1","",""
"dashboard.user.cta.subtitle","1","1","",""
"dashboard.user.cta.button","1","1","",""
"dashboard.user.cta.tips","1","1","",""
"dashboard.user.cta.knowledge","1","1","",""
"dashboard.user.cta.faq","1","1","",""
"dashboard.welcomeMessage","1","1","",""
"demo.company","","","",""
"demo.email","","","",""
"demo.error","","","",""
"demo.message","","","",""
"demo.name","","","",""
"demo.send","","","",""
"demo.subtitle","","","",""
"demo.success","","","",""
"demo.title","","","",""
"demoButton.label","1","1","",""
"email.service.configured","1","1","",""
"email.service.fallbackMode","1","1","",""
"email.service.notConfigured","1","1","",""
"email.service.sendError","1","1","",""
"email.service.sendSuccess","1","1","",""
"email.welcome.manager.body","1","1","",""
"email.welcome.manager.title","1","1","",""
"email.welcome.subject","1","1","",""
"email.welcome.user.body","1","1","",""
"footer.about","1","1","",""
"footer.allRightsReserved","1","1","",""
"footer.contact","1","1","",""
"footer.cookies","1","1","",""
"footer.copyright","1","1","",""
"footer.dashboard","1","1","",""
"footer.demo","1","1","",""
"footer.demoVideo","1","1","",""
"footer.description","1","1","",""
"footer.emailSupport","1","1","",""
"footer.followUs","1","1","",""
"footer.helpCenter","1","1","",""
"footer.home","1","1","",""
"footer.infographie","1","1","",""
"footer.language","1","1","",""
"footer.legal","1","1","",""
"footer.legalDocs","1","1","",""
"footer.legalLink","1","1","",""
"footer.login","1","1","",""
"footer.logoAlt","1","1","",""
"footer.logoTitle","1","1","",""
"footer.partners","1","1","",""
"footer.phone","1","1","",""
"footer.presentation","1","1","",""
"footer.pricing","1","1","",""
"footer.privacyPolicy","1","1","",""
"footer.promotionalLink","1","1","",""
"footer.quickLinks","1","1","",""
"footer.signup","1","1","",""
"footer.subscription","1","1","",""
"footer.support","1","1","",""
"footer.termsOfService","1","1","",""
"footer.termsOfUse","1","1","",""
"footer.theme","1","1","",""
"footer.userManual","1","1","",""
"footer.userManualLink","1","1","",""
"footer.videoDemo","1","1","",""
"footer.watchDemo","1","1","",""
"footer.whyChooseNexus","1","1","",""
"footer.whyChooseNexusSubtitle","1","1","",""
"formElements.select.placeholderDefault","1","1","",""
"helpChat.createTicketButton","1","1","",""
"helpChat.createTicketExplanation","1","1","",""
"helpChat.initialMessage","1","1","",""
"helpChat.placeholder","1","1","",""
"helpChat.prefilled.materialInvestigation","1","1","",""
"helpChat.subtitle","1","1","",""
"helpChat.title","1","1","",""
"helpChat.voiceInputHint","1","1","",""
"landing.advantages.analytics.desc","1","1","",""
"landing.advantages.analytics.title","1","1","",""
"landing.advantages.cost.desc","1","1","",""
"landing.advantages.cost.title","1","1","",""
"landing.advantages.dashboard.desc","1","1","",""
"landing.advantages.dashboard.title","1","1","",""
"landing.advantages.multilingual.desc","1","1","",""
"landing.advantages.multilingual.title","1","1","",""
"landing.advantages.security.desc","1","1","",""
"landing.advantages.security.title","1","1","",""
"landing.advantages.speed.desc","1","1","",""
"landing.advantages.speed.title","1","1","",""
"landing.advantages.subtitle","1","1","",""
"landing.advantages.title","1","1","",""
"landing.advantages.voice.desc","1","1","",""
"landing.advantages.voice.title","1","1","",""
"landing.cta.guide","1","1","",""
"landing.cta.trial","1","1","",""
"landing.features.ai.desc","1","1","",""
"landing.features.ai.title","1","1","",""
"landing.features.secure.desc","1","1","",""
"landing.features.secure.title","1","1","",""
"landing.features.subtitle","1","1","",""
"landing.features.title","1","1","",""
"landing.features.voice.desc","1","1","",""
"landing.features.voice.title","1","1","",""
"landing.hero.title","1","1","",""
"landing.hero.subtitle","1","1","",""
"landing.hero.primaryCta","1","1","",""
"landing.hero.secondaryCta","1","1","",""
"landing.hero.badge","1","1","",""
"landing.hero.assuranceTitle","1","1","",""
"landing.hero.assuranceBody","1","1","",""
"landing.hero.complianceTitle","1","1","",""
"landing.hero.complianceBody","1","1","",""
"landing.hero.previewBadge","1","1","",""
"landing.hero.previewCaption","1","1","",""
"landing.benefits.badge","1","1","",""
"landing.benefits.title","1","1","",""
"landing.benefits.subtitle","1","1","",""
"landing.benefits.n1Reduction.title","1","1","",""
"landing.benefits.n1Reduction.body","1","1","",""
"landing.benefits.escalationControl.title","1","1","",""
"landing.benefits.escalationControl.body","1","1","",""
"landing.benefits.multiTenant.title","1","1","",""
"landing.benefits.multiTenant.body","1","1","",""
"landing.benefits.accessibility.title","1","1","",""
"landing.benefits.accessibility.body","1","1","",""
"landing.useCases.badge","1","1","",""
"landing.useCases.title","1","1","",""
"landing.useCases.subtitle","1","1","",""
"landing.useCases.saas.title","1","1","",""
"landing.useCases.saas.body","1","1","",""
"landing.useCases.msp.title","1","1","",""
"landing.useCases.msp.body","1","1","",""
"landing.useCases.internalIt.title","1","1","",""
"landing.useCases.internalIt.body","1","1","",""
"landing.useCases.specialized.title","1","1","",""
"landing.useCases.specialized.body","1","1","",""
"landing.infographic.title","1","1","",""
"landing.infographic.subtitle","1","1","",""
"landing.pricing.badge","1","1","",""
"landing.pricing.title","1","1","",""
"landing.pricing.subtitle","1","1","",""
"landing.finalCta.badge","1","1","",""
"landing.finalCta.title","1","1","",""
"landing.finalCta.subtitle","1","1","",""
"landing.finalCta.button","1","1","",""
"landing.hero.ctaButton","1","1","",""
"landing.hero.subtitlePrimary","","","",""
"landing.hero.subtitleSecondary","","","",""
"landing.hero.betaBadge","","","",""
"landing.hero.watchDemo","1","1","",""
"landing.hero.infographieLink","","","",""
"landing.hero.accessStatement","1","1","",""
"landing.hero.accessContact","1","1","",""
"landing.stats.availability","1","1","",""
"landing.stats.company","1","1","",""
"landing.stats.languages","1","1","",""
"landing.video.openYoutube","1","1","",""
"landing.video.subtitle","1","1","",""
"landing.video.title","1","1","",""
"landing.video.viewOnYoutube","1","1","",""
"landing.video.watchOnYoutube","1","1","",""
"landing.video.watchOnYouTube","1","1","",""
"landing.videoSection.subtitle","1","1","",""
"landing.videoSection.title","1","1","",""
"landing.whyChoose.feature1.desc","1","1","",""
"landing.whyChoose.feature1.title","1","1","",""
"landing.whyChoose.feature2.desc","1","1","",""
"landing.whyChoose.feature2.title","1","1","",""
"landing.whyChoose.feature3.desc","1","1","",""
"landing.whyChoose.feature3.title","1","1","",""
"landing.whyChoose.feature4.desc","1","1","",""
"landing.whyChoose.feature4.title","1","1","",""
"landing.whyChoose.feature5.desc","1","1","",""
"landing.whyChoose.feature5.title","1","1","",""
"landing.whyChoose.feature6.desc","1","1","",""
"landing.whyChoose.feature6.title","1","1","",""
"landing.whyChoose.subtitle","1","1","",""
"landing.whyChoose.title","1","1","",""
"landing.whyChooseNexus.subtitle","1","1","",""
"landing.whyChooseNexus.title","1","1","",""
"landing.rgaa.title","1","1","",""
"landing.rgaa.subtitle","1","1","",""
"landing.rgaa.li1","1","1","",""
"landing.rgaa.li2","1","1","",""
"landing.rgaa.li3","1","1","",""
"landing.rgaa.li4","1","1","",""
"landing.rgaa.li5","1","1","",""
"landing.rgaa.li6","1","1","",""
"landing.rgaa.li7","1","1","",""
"landing.rgaa.li8","1","1","",""
"landing.rgaa.li9","1","1","",""
"landing.rgaa.statementLink","1","1","",""
"landing.setup.title","1","1","",""
"landing.setup.actionsAria","1","1","",""
"landing.setup.s1.strong","1","1","",""
"landing.setup.s1.text","1","1","",""
"landing.setup.s2.strong","1","1","",""
"landing.setup.s2.text","1","1","",""
"landing.setup.s3.strong","1","1","",""
"landing.setup.s3.text","1","1","",""
"landing.setup.ctaGuide","1","1","",""
"language.ar","1","1","",""
"language.arabic","1","1","",""
"language.en","1","1","",""
"language.english","1","1","",""
"language.fr","1","1","",""
"language.french","1","1","",""
"legal.api.content","1","1","",""
"legal.api.lastUpdated","1","1","",""
"legal.api.title","1","1","",""
"legal.backToApp","1","1","",""
"legal.badge","1","1","",""
"legal.subtitle","1","1","",""
"legal.navigation","1","1","",""
"legal.cgu.content","1","1","",""
"legal.cgu.lastUpdated","1","1","",""
"legal.cgu.title","1","1","",""
"legal.integration.content","1","1","",""
"legal.integration.lastUpdated","1","1","",""
"legal.integration.title","1","1","",""
"legal.ip.content","1","1","",""
"legal.ip.lastUpdated","1","1","",""
"legal.ip.title","1","1","",""
"legal.pageTitle","1","1","",""
"legal.pricing.content","1","1","",""
"legal.pricing.lastUpdated","1","1","",""
"legal.pricing.title","1","1","",""
"legal.privacy.content","1","1","",""
"legal.privacy.lastUpdated","1","1","",""
"legal.privacy.title","1","1","",""
"legal.security.content","1","1","",""
"legal.security.lastUpdated","1","1","",""
"legal.security.title","1","1","",""
"legal.sla.content","1","1","",""
"legal.sla.lastUpdated","1","1","",""
"legal.sla.title","1","1","",""
"legal.tabs.api","1","1","",""
"legal.tabs.cgu","1","1","",""
"legal.tabs.integration","1","1","",""
"legal.tabs.ip","1","1","",""
"legal.tabs.pricing","1","1","",""
"legal.tabs.privacy","1","1","",""
"legal.tabs.security","1","1","",""
"legal.tabs.sla","1","1","",""
"login.appDescription","1","1","",""
"login.companyNameLabel","1","1","",""
"login.companyNamePlaceholder","1","1","",""
"login.demoNotes.supabase.production","1","1","",""
"login.emailLabel","1","1","",""
"login.emailPlaceholder","1","1","",""
"login.error.allFieldsRequired","1","1","",""
"login.error.companyIdMismatch","1","1","",""
"login.error.companyNotFound","1","1","",""
"login.error.invalidCompanyCredentials","1","1","",""
"login.error.invalidCredentials","1","1","",""
"login.error.profileFetchFailed","1","1","",""
"login.error.unknownEmail","1","1","",""
"login.noAccount","1","1","",""
"login.passwordLabel","1","1","",""
"login.passwordPlaceholder","1","1","",""
"login.signInButton","1","1","",""
"login.signUpLink","1","1","",""
"login.subtitle","1","1","",""
"login.subtitleSimple","1","1","",""
"login.title","1","1","",""
"auth.roles.title","1","1","",""
"auth.roles.user","1","1","",""
"auth.roles.agent","1","1","",""
"auth.roles.manager","1","1","",""
"login.laiTurnerNote","1","1","",""
"managerDashboard.allTicketsTitle","1","1","",""
"managerDashboard.assignButton","1","1","",""
"managerDashboard.companyInfo.cancelButton","1","1","",""
"managerDashboard.companyInfo.copiedButton","1","1","",""
"managerDashboard.companyInfo.copyNameButton","1","1","",""
"managerDashboard.companyInfo.editButton","1","1","",""
"managerDashboard.companyInfo.nameLabel","1","1","",""
"managerDashboard.companyInfo.onboardingInstructions","1","1","",""
"managerDashboard.companyInfo.saveButton","1","1","",""
"managerDashboard.companyInfo.title","1","1","",""
"managerDashboard.companyInfo.updateError","1","1","",""
"managerDashboard.createNewTicketButton","1","1","",""
"managerDashboard.manageFaqButton","1","1","",""
"managerDashboard.deleteTicketButton","1","1","",""
"managerDashboard.deleteTicketConfirm","1","1","",""
"managerDashboard.deleteTicketError.critical","1","1","",""
"managerDashboard.deleteTicketError.rpc","1","1","",""
"managerDashboard.deleteUserButton","1","1","",""
"managerDashboard.deleteUserConfirm","1","1","",""
"managerDashboard.deleteUserError.critical","1","1","",""
"managerDashboard.deleteUserError.rpc","1","1","",""
"managerDashboard.filteredTicketsTitle","1","1","",""
"managerDashboard.filters.all","1","1","",""
"managerDashboard.filters.dateEndLabel","1","1","",""
"managerDashboard.filters.dateStartLabel","1","1","",""
"managerDashboard.filters.resetButton","1","1","",""
"managerDashboard.filters.statusLabel","1","1","",""
"managerDashboard.filters.title","1","1","",""
"managerDashboard.filters.userLabel","1","1","",""
"managerDashboard.loadingTickets","1","1","",""
"managerDashboard.noAgentsAvailable","1","1","",""
"managerDashboard.notApplicableShort","1","1","",""
"managerDashboard.noTicketsFiltered","1","1","",""
"managerDashboard.noTicketsSystem","1","1","",""
"managerDashboard.reassignButton","1","1","",""
"managerDashboard.selectAgentPlaceholder","1","1","",""
"managerDashboard.stats.description","1","1","",""
"managerDashboard.stats.highPriority","1","1","",""
"managerDashboard.stats.openTickets","1","1","",""
"managerDashboard.stats.resolvedTickets","1","1","",""
"managerDashboard.stats.title","1","1","",""
"managerDashboard.stats.totalTickets","1","1","",""
"managerDashboard.stats.unassigned","1","1","",""
"managerDashboard.subtitle","1","1","",""
"managerDashboard.tableHeader.actions","1","1","",""
"managerDashboard.tableHeader.assignedAgent","1","1","",""
"managerDashboard.tableHeader.client","1","1","",""
"managerDashboard.tableHeader.created","1","1","",""
"managerDashboard.tableHeader.priority","1","1","",""
"managerDashboard.tableHeader.status","1","1","",""
"managerDashboard.tableHeader.title","1","1","",""
"managerDashboard.tableHeader.workstation","1","1","",""
"managerDashboard.title","1","1","",""
"managerDashboard.unassigned","1","1","",""
"managerDashboard.updateRoleButton","1","1","",""
"managerDashboard.userManagementTitle","1","1","",""
"managerDashboard.userTableHeader.language","1","1","",""
"managerDashboard.userTableHeader.roleActions","1","1","",""
"managerDashboard.userTableHeader.username","1","1","",""
"managerDashboard.welcomeModal.body","1","1","",""
"managerDashboard.welcomeModal.closeButton","1","1","",""
"managerDashboard.welcomeModal.congratulations","1","1","",""
"managerDashboard.welcomeModal.copiedButton","1","1","",""
"managerDashboard.welcomeModal.copyButton","1","1","",""
"managerDashboard.welcomeModal.title","1","1","",""
"managerFaq.backToDashboard","1","1","",""
"managerFaq.title","1","1","",""
"managerFaq.subtitle","1","1","",""
"managerFaq.loadError","1","1","",""
"managerFaq.saveError","1","1","",""
"managerFaq.deleteConfirm","1","1","",""
"managerFaq.deleteError","1","1","",""
"managerFaq.noCompany","1","1","",""
"managerFaq.editingLabel","1","1","",""
"managerFaq.creationLabel","1","1","",""
"managerFaq.editTitle","1","1","",""
"managerFaq.createTitle","1","1","",""
"managerFaq.questionLabel","1","1","",""
"managerFaq.voiceQuestion","1","1","",""
"managerFaq.voiceHelper","1","1","",""
"managerFaq.voiceUnavailable","1","1","",""
"managerFaq.answerLabel","1","1","",""
"managerFaq.voiceAnswer","1","1","",""
"managerFaq.tagsLabel","1","1","",""
"managerFaq.tagsPlaceholder","1","1","",""
"managerFaq.isActiveLabel","1","1","",""
"managerFaq.updateButton","1","1","",""
"managerFaq.createButton","1","1","",""
"managerFaq.cancelEdit","1","1","",""
"managerFaq.searchTitle","1","1","",""
"managerFaq.searchSubtitle","1","1","",""
"managerFaq.searchLabel","1","1","",""
"managerFaq.searchPlaceholder","1","1","",""
"managerFaq.voiceSearch","1","1","",""
"managerFaq.totalCount","1","1","",""
"managerFaq.filteredCount","1","1","",""
"managerFaq.refreshButton","1","1","",""
"managerFaq.listTitle","1","1","",""
"managerFaq.listSubtitle","1","1","",""
"managerFaq.loading","1","1","",""
"managerFaq.noResults","1","1","",""
"managerFaq.emptyState","1","1","",""
"managerFaq.statusActive","1","1","",""
"managerFaq.statusInactive","1","1","",""
"managerFaq.speakAnswer","1","1","",""
"managerFaq.stopSpeaking","1","1","",""
"managerFaq.editButton","1","1","",""
"managerFaq.deleteButton","1","1","",""
"managerFaq.noTags","1","1","",""
"managerFaq.lastUpdated","1","1","",""
"navbar.about","1","1","",""
"navbar.agentPortalButton","1","1","",""
"navbar.contact","1","1","",""
"navbar.demo","1","1","",""
"navbar.demoVideo","1","1","",""
"navbar.emailSupport","1","1","",""
"navbar.group.main","1","1","",""
"navbar.helpCenter","1","1","",""
"navbar.home","1","1","",""
"navbar.infographie","1","1","",""
"navbar.legal","1","1","",""
"navbar.loginButton","1","1","",""
"navbar.logoutButton","1","1","",""
"navbar.managerPortalButton","1","1","",""
"navbar.menu","1","1","",""
"navbar.partners","1","1","",""
"navbar.presentation","1","1","",""
"navbar.pricing","1","1","",""
"navbar.pricingpage","1","1","",""
"navbar.signUpButton","1","1","",""
"navbar.subscriptionButton","1","1","",""
"navbar.support","1","1","",""
"navbar.testimonials","1","1","",""
"navbar.theme","1","1","",""
"navbar.theme.dark","1","1","",""
"navbar.theme.light","1","1","",""
"navbar.toggleAutoReadDisable","1","1","",""
"navbar.toggleAutoReadEnable","1","1","",""
"navbar.userManual","1","1","",""
"navbar.welcome","1","1","",""
"newTicket.error.failedToCreate","1","1","",""
"newTicket.error.summaryFailed","1","1","",""
"newTicket.form.cancelButton","1","1","",""
"newTicket.form.categoryLabel","1","1","",""
"newTicket.form.detailedDescriptionLabel","1","1","",""
"newTicket.form.detailedDescriptionPlaceholder","1","1","",""
"newTicket.form.detailedDescriptionPlaceholderInvestigation","1","1","",""
"newTicket.form.error.categoryRequired","1","1","",""
"newTicket.form.error.descriptionMinLength","1","1","",""
"newTicket.form.error.descriptionRequired","1","1","",""
"newTicket.form.error.onBehalfOfRequired","1","1","",""
"newTicket.form.error.priorityRequired","1","1","",""
"newTicket.form.error.titleMaxLength","1","1","",""
"newTicket.form.error.titleRequired","1","1","",""
"newTicket.form.error.workstationIdMaxLength","1","1","",""
"newTicket.form.listening","1","1","",""
"newTicket.form.onBehalfOfLabel","1","1","",""
"newTicket.form.onBehalfOfPlaceholder","1","1","",""
"newTicket.form.priorityLabel","1","1","",""
"newTicket.form.returnToDashboardButton","1","1","",""
"newTicket.form.submitButton","1","1","",""
"newTicket.form.submitButtonFinal","1","1","",""
"newTicket.form.submitButtonLoading","1","1","",""
"newTicket.form.submitButtonProcessingVoice","1","1","",""
"newTicket.form.ticketTitleLabel","1","1","",""
"newTicket.form.ticketTitlePlaceholder","1","1","",""
"newTicket.form.workstationIdLabel","1","1","",""
"newTicket.form.workstationIdPlaceholder","1","1","",""
"newTicket.loadingMessage","1","1","",""
"newTicket.loadingMessageSummary","1","1","",""
"newTicket.loadingSubMessage","1","1","",""
"newTicket.subtitle","1","1","",""
"newTicket.subtitleFinalize","1","1","",""
"newTicket.subtitleInvestigation","1","1","",""
"newTicket.title","1","1","",""
"newTicket.titleFinalize","1","1","",""
"newTicket.titleInvestigation","1","1","",""
"newTicket.voiceInputNotSupported","1","1","",""
"paypal.error.generic","1","1","",""
"paypal.error.missingClientId","1","1","",""
"paypal.error.renderFailed","1","1","",""
"paypal.error.sdkNotLoaded","1","1","",""
"paypal.onApprove.alert","1","1","",""
"pricing.additionalNote","","","",""
"pricing.badges.popular","","","",""
"pricing.banner.choosePlan","","","",""
"pricing.banner.freemiumFree","","","",""
"pricing.bannerText","","","",""
"pricing.billed_monthly","","","",""
"pricing.billed_yearly","","","",""
"pricing.ctaDemo","","","",""
"pricing.ctaSubscribe","","","",""
"pricing.buy_now","","","",""
"pricing.activate_now","","","",""
"pricing.disclaimer","","","",""
"pricing.features","","","",""
"pricing.freemium.cta","","","",""
"pricing.freemium.feature1","","","1",""
"pricing.freemium.feature2","","","",""
"pricing.freemium.feature3","","","",""
"pricing.freemium.feature4","","","",""
"pricing.freemium.feature5","","","",""
"pricing.freemium.feature6","","","",""
"pricing.freemium.feature7","","","",""
"pricing.freemium.feature8","","","",""
"pricing.freemium.name","","","",""
"pricing.freemium.price","","","",""
"pricing.plans.freemium.cta","","","",""
"pricing.plans.freemium.features","","","",""
"pricing.plans.freemium.name","","","",""
"pricing.plans.freemium.price","","","",""
"pricing.plans.freemium.yearly","","","",""
"pricing.plans.pro.cta","","","",""
"pricing.plans.pro.features","","","",""
"pricing.plans.pro.name","","","1",""
"pricing.plans.pro.price","","","",""
"pricing.plans.pro.yearly","","","",""
"pricing.plans.standard.cta","","","",""
"pricing.plans.standard.features","","","",""
"pricing.plans.standard.name","","","1",""
"pricing.plans.standard.price","","","",""
"pricing.plans.standard.yearly","","","",""
"pricing.popular","","","",""
"pricing.pro.cta","","","",""
"pricing.pro.feature1","","","1",""
"pricing.pro.feature2","","","",""
"pricing.pro.feature3","","","",""
"pricing.pro.feature4","","","",""
"pricing.pro.feature5","","","",""
"pricing.pro.feature6","","","",""
"pricing.pro.feature7","","","",""
"pricing.pro.feature8","","","1",""
"pricing.pro.feature9","","","",""
"pricing.pro.name","","","1",""
"pricing.pro.price","","","",""
"pricing.pro.yearly","","","",""
"pricing.select_freemium","","","",""
"pricing.select_standard","","","",""
"pricing.standard.cta","","","",""
"pricing.standard.feature1","","","1",""
"pricing.standard.feature2","","","",""
"pricing.standard.feature3","","","",""
"pricing.standard.feature4","","","",""
"pricing.standard.feature5","","","",""
"pricing.standard.feature6","","","",""
"pricing.standard.feature7","","","",""
"pricing.standard.feature8","","","",""
"pricing.standard.feature9","","","",""
"pricing.standard.name","","","1",""
"pricing.standard.price","","","",""
"pricing.standard.yearly","","","",""
"pricing.title","","","",""
"pricing.view_pro_details","","","",""
"promotional.backToApp","1","1","",""
"promotional.mainSubtitle","1","1","",""
"promotional.mainTitle","1","1","",""
"promotional.section.advantages.content","1","1","",""
"promotional.section.advantages.title","1","1","",""
"promotional.section.conclusion.content","1","1","",""
"promotional.section.conclusion.title","1","1","",""
"promotional.section.features.content","1","1","",""
"promotional.section.features.title","1","1","",""
"promotional.section.future.content","1","1","",""
"promotional.section.future.title","1","1","",""
"promotional.section.intro.content","1","1","",""
"promotional.section.intro.title","1","1","",""
"promotional.section.limits.content","1","1","",""
"promotional.section.limits.title","1","1","",""
"promotional.section.pricing.content","1","1","",""
"promotional.section.pricing.title","1","1","",""
"signup.alreadyHaveAccount","1","1","",""
"signup.backToHome","1","1","",""
"signup.companyNameHelp.employee","1","1","",""
"signup.companyNameHelp.manager","1","1","",""
"signup.companyNameLabel","1","1","",""
"signup.companyNamePlaceholder","1","1","",""
"signup.confirmPasswordLabel","1","1","",""
"signup.confirmPasswordPlaceholder","1","1","",""
"signup.emailLabel","1","1","",""
"signup.emailPlaceholder","1","1","",""
"signup.error.allFieldsRequired","1","1","",""
"signup.error.companyCreateFailed","1","1","",""
"signup.error.companyNameTaken","1","1","",""
"signup.error.companyNotFound","1","1","",""
"signup.error.emailInUse","1","1","",""
"signup.error.freemiumDeviceLocked","1","1","",""
"signup.error.generic","1","1","",""
"signup.error.invalidSecretCodeManager","1","1","",""
"signup.error.minCharsPassword","1","1","",""
"signup.error.passwordsDoNotMatch","1","1","",""
"signup.error.planSelectionRequired","1","1","",""
"signup.error.secretCodeRequiredManager","1","1","",""
"signup.apiErrors.missing_fields","1","1","",""
"signup.apiErrors.weak_password","1","1","",""
"signup.apiErrors.invalid_role","1","1","",""
"signup.apiErrors.company_name_taken","1","1","",""
"signup.apiErrors.company_not_found","1","1","",""
"signup.apiErrors.plan_not_found","1","1","",""
"signup.apiErrors.activation_required","1","1","",""
"signup.apiErrors.invalid_activation_code","1","1","",""
"signup.apiErrors.activation_already_used","1","1","",""
"signup.apiErrors.activation_expired","1","1","",""
"signup.apiErrors.activation_company_mismatch","1","1","",""
"signup.apiErrors.auth_create_failed","1","1","",""
"signup.apiErrors.company_create_failed","1","1","",""
"signup.apiErrors.profile_insert_failed","1","1","",""
"signup.apiErrors.signup_failed","1","1","",""
"signup.apiErrors.network_error","1","1","",""
"signup.existingCompanyNameLabel","1","1","",""
"signup.existingCompanyNamePlaceholder","1","1","",""
"signup.fullNameLabel","1","1","",""
"signup.fullNamePlaceholder","1","1","",""
"signup.languageLabel","1","1","",""
"signup.passwordLabel","1","1","",""
"signup.passwordPlaceholder","1","1","",""
"signup.roleSection.title","1","1","",""
"signup.roleSection.description","1","1","",""
"signup.roleSection.roleLabelManager","1","1","",""
"signup.managerInfo.line1","1","1","",""
"signup.managerInfo.line2","1","1","",""
"signup.roleLabel","1","1","",""
"signup.secretCodeLabel","1","1","",""
"signup.secretCodePlaceholderManager","1","1","",""
"signup.signInLink","1","1","",""
"signup.signUpButton","1","1","",""
"signup.subtitle","1","1","",""
"signup.subtitleSimple","1","1","",""
"signup.success.emailSent","1","1","",""
"signup.success.emailSentManager","1","1","",""
"signup.title","1","1","",""
"signup.warning.emailFailed","1","1","",""
"roleHelp.title","","","","1"
"roleHelp.subtitle","","","","1"
"roleHelp.manager.title","","","1","1"
"roleHelp.manager.description","","","","1"
"roleHelp.manager.signupTitle","","","","1"
"roleHelp.manager.signupStep1","","","","1"
"roleHelp.manager.signupStep2","","","","1"
"roleHelp.manager.signupStep3","","","","1"
"roleHelp.manager.signupStep4","","","","1"
"roleHelp.manager.loginTitle","","","","1"
"roleHelp.manager.loginStep1","","","","1"
"roleHelp.manager.loginStep2","","","","1"
"roleHelp.agent.title","","","1","1"
"roleHelp.agent.description","","","","1"
"roleHelp.agent.signupTitle","","","","1"
"roleHelp.agent.signupStep1","","","","1"
"roleHelp.agent.signupStep2","","","","1"
"roleHelp.agent.signupStep3","","","","1"
"roleHelp.agent.loginTitle","","","","1"
"roleHelp.agent.loginStep1","","","","1"
"roleHelp.agent.loginStep2","","","","1"
"roleHelp.user.title","","","","1"
"roleHelp.user.description","","","","1"
"roleHelp.user.signupTitle","","","","1"
"roleHelp.user.signupStep1","","","","1"
"roleHelp.user.signupStep2","","","","1"
"roleHelp.user.signupStep3","","","","1"
"roleHelp.user.loginTitle","","","","1"
"roleHelp.user.loginStep1","","","","1"
"roleHelp.user.loginStep2","","","","1"
"signupPlans.freemium.autoSelected.description","1","1","",""
"signupPlans.freemium.autoSelected.storageNotice","1","1","",""
"signupPlans.freemium.autoSelected.title","1","1","",""
"signupPlans.Freemium.modal.buttons.cancel","1","1","",""
"signupPlans.Freemium.modal.buttons.subscribe","1","1","",""
"signupPlans.Freemium.modal.features.localStorage","1","1","",""
"signupPlans.Freemium.modal.features.singleCompany","1","1","",""
"signupPlans.Freemium.modal.features.title","1","1","",""
"signupPlans.Freemium.modal.features.unlimited","1","1","",""
"signupPlans.Freemium.modal.pricing","1","1","",""
"signupPlans.Freemium.modal.storageNotice.description","1","1","",""
"signupPlans.Freemium.modal.storageNotice.title","1","1","",""
"signupPlans.Freemium.modal.title","1","1","",""
"signupPlans.freemium.select","1","1","",""
"signupPlans.pro.modal.billing.description","1","1","",""
"signupPlans.pro.modal.billing.title","1","1","",""
"signupPlans.pro.modal.buttons.cancel","1","1","",""
"signupPlans.pro.modal.buttons.description","1","1","",""
"signupPlans.pro.modal.buttons.subscribe","1","1","",""
"signupPlans.pro.modal.buttons.title","1","1","",""
"signupPlans.pro.modal.features.analytics","1","1","",""
"signupPlans.pro.modal.features.appointments","1","1","",""
"signupPlans.pro.modal.features.multilingual","1","1","",""
"signupPlans.pro.modal.features.priority","1","1","",""
"signupPlans.pro.modal.features.title","1","1","",""
"signupPlans.pro.modal.features.unlimited","1","1","",""
"signupPlans.pro.modal.features.voice","1","1","",""
"signupPlans.pro.modal.pricing","1","1","",""
"signupPlans.pro.modal.title","1","1","",""
"signupPlans.pro.modal.trial.description","1","1","",""
"signupPlans.pro.modal.trial.note","1","1","",""
"signupPlans.pro.modal.trial.title","1","1","",""
"signupPlans.pro.payment.description","1","1","",""
"signupPlans.pro.payment.note","1","1","",""
"signupPlans.pro.payment.payButton","1","1","",""
"signupPlans.pro.payment.title","1","1","",""
"signupPlans.pro.select","1","1","",""
"signupPlans.standard.modal.billing.description","1","1","",""
"signupPlans.standard.modal.billing.title","1","1","",""
"signupPlans.standard.modal.buttons.cancel","1","1","",""
"signupPlans.standard.modal.buttons.subscribe","1","1","",""
"signupPlans.standard.modal.features.categorization","1","1","",""
"signupPlans.standard.modal.features.ia","1","1","",""
"signupPlans.standard.modal.features.sla","1","1","",""
"signupPlans.standard.modal.features.title","1","1","",""
"signupPlans.standard.modal.features.unlimited","1","1","",""
"signupPlans.standard.modal.pricing","1","1","",""
"signupPlans.standard.modal.title","1","1","",""
"signupPlans.standard.modal.trial.description","1","1","",""
"signupPlans.standard.modal.trial.title","1","1","",""
"signupPlans.standard.select","1","1","",""
"signupPlans.subtitle","1","1","",""
"signupPlans.title","1","1","",""
"speechRecognition.error.audioCapture","1","1","",""
"speechRecognition.error.generic","1","1","",""
"speechRecognition.error.network","1","1","",""
"speechRecognition.error.noSpeech","1","1","",""
"speechRecognition.error.notAllowed","1","1","",""
"speechRecognition.notSupported","1","1","",""
"speechRecognition.permissionDeniedProactive","1","1","",""
"speechTts.notSupported","1","1","",""
"subscription.backToDashboard","1","1","",""
"subscription.currentPlan.freemiumBackupInfo","1","1","",""
"subscription.currentPlan.freemiumDesc","1","1","",""
"subscription.currentPlan.freemiumSessionInfo","1","1","",""
"subscription.currentPlan.label","1","1","",""
"subscription.currentPlan.title","1","1","",""
"subscription.disclaimer.text","1","1","",""
"subscription.disclaimer.title","1","1","",""
"subscription.pageSubtitle","1","1","",""
"subscription.pageTitle","1","1","",""
"ticketCard.categoryLabel","1","1","",""
"ticketCard.createdByLabel","1","1","",""
"ticketCard.lastUpdatedLabel","1","1","",""
"ticketCard.priorityLabel","1","1","",""
"ticketCategory.AccountAccess","1","1","",""
"ticketCategory.BillingInquiry","1","1","",""
"ticketCategory.BrokenMaterial","1","1","",""
"ticketCategory.GeneralQuestion","1","1","",""
"ticketCategory.HardwareProblem","1","1","",""
"ticketCategory.LostMaterial","1","1","",""
"ticketCategory.MaterialInvestigation","1","1","",""
"ticketCategory.MaterialReplacementRequest","1","1","",""
"ticketCategory.NetworkOutage","1","1","",""
"ticketCategory.SoftwareIssue","1","1","",""
"ticketDetail.agentDisplayName","1","1","",""
"ticketDetail.aiAssistantName","1","1","",""
"ticketDetail.autoRead.disableButton","1","1","",""
"ticketDetail.autoRead.disableTitle","1","1","",""
"ticketDetail.autoRead.enableButton","1","1","",""
"ticketDetail.autoRead.enableTitle","1","1","",""
"ticketDetail.backToDashboardButton","1","1","",""
"ticketDetail.categoryLabel","1","1","",""
"ticketDetail.chatPlaceholder.closed","1","1","",""
"ticketDetail.chatPlaceholder.default","1","1","",""
"ticketDetail.chatPlaceholder.listening","1","1","",""
"ticketDetail.contactAgent.alertMessage","1","1","",""
"ticketDetail.contactAgent.buttonLabel","1","1","",""
"ticketDetail.contactAgent.buttonTitle","1","1","",""
"ticketDetail.createdLabel","1","1","",""
"ticketDetail.loading","1","1","",""
"ticketDetail.micButton.startRecording","1","1","",""
"ticketDetail.micButton.stopRecording","1","1","",""
"ticketDetail.priorityLabel","1","1","",""
"ticketDetail.repeatButton.label","1","1","",""
"ticketDetail.repeatButton.title","1","1","",""
"ticketDetail.sendMessageButton","1","1","",""
"ticketDetail.sendMessageButtonLoading","1","1","",""
"ticketDetail.speechPlaybackError","1","1","",""
"ticketDetail.statusLabel","1","1","",""
"ticketDetail.ticketClosedWarning","1","1","",""
"ticketDetail.unknownAgent","1","1","",""
"ticketDetail.updateStatusLabel","1","1","",""
"ticketDetail.userDisplayName","1","1","",""
"ticketDetail.voiceInputForChatNotSupported","1","1","",""
"ticket.header.companyLabel","1","1","",""
"ticket.header.status","1","1","",""
"ticket.header.priority","1","1","",""
"ticket.tabs.messages","1","1","",""
"ticket.tabs.internalNotes","1","1","",""
"ticket.internalNotes.empty","1","1","",""
"ticket.internalNotes.unknownAuthor","1","1","",""
"ticket.internalNotes.addLabel","1","1","",""
"ticket.internalNotes.placeholder","1","1","",""
"ticket.internalNotes.addButton","1","1","",""
"ticket.sidebar.caseStage.title","1","1","",""
"ticket.sidebar.caseStage.description","1","1","",""
"ticket.sidebar.checklist.title","1","1","",""
"ticket.sidebar.checklist.description","1","1","",""
"ticket.sidebar.checklist.empty","1","1","",""
"ticket.sidebar.checklist.addPlaceholder","1","1","",""
"ticket.sidebar.checklist.addButton","1","1","",""
"ticket.sidebar.appointments.title","1","1","",""
"ticket.sidebar.appointments.description","1","1","",""
"ticket.sidebar.appointments.empty","1","1","",""
"ticket.sidebar.info.title","1","1","",""
"ticket.sidebar.info.description","1","1","",""
"ticket.sidebar.info.owner","1","1","",""
"ticket.sidebar.info.language","1","1","",""
"ticketPriority.High","1","1","",""
"ticketPriority.Low","1","1","",""
"ticketPriority.Medium","1","1","",""
"ticketStatus.Closed","1","1","",""
"ticketStatus.InProgress","1","1","",""
"ticketStatus.Open","1","1","",""
"ticketStatus.Resolved","1","1","",""
"userManual.badge","1","1","",""
"userManual.subtitle","1","1","",""
"userManual.backToApp","1","1","",""
"userManual.pageTitle","1","1","",""
"userManual.section.gettingStarted.agentUser.step1","1","1","",""
"userManual.section.gettingStarted.agentUser.step2","1","1","",""
"userManual.section.gettingStarted.agentUser.step3","1","1","",""
"userManual.section.gettingStarted.agentUser.step4","1","1","",""
"userManual.section.gettingStarted.agentUser.title","1","1","",""
"userManual.section.gettingStarted.intro","1","1","",""
"userManual.section.gettingStarted.manager.step1","1","1","",""
"userManual.section.gettingStarted.manager.step2","1","1","",""
"userManual.section.gettingStarted.manager.step3","1","1","",""
"userManual.section.gettingStarted.manager.step4","1","1","",""
"userManual.section.gettingStarted.manager.step5","1","1","",""
"userManual.section.gettingStarted.manager.title","1","1","",""
"userManual.section.gettingStarted.title","1","1","",""
"userManual.section.usingTheApp.agent.desc","1","1","",""
"userManual.section.usingTheApp.agent.title","1","1","",""
"userManual.section.usingTheApp.login.desc","1","1","",""
"userManual.section.usingTheApp.login.title","1","1","",""
"userManual.section.usingTheApp.manager.desc","1","1","",""
"userManual.section.usingTheApp.manager.feature1","1","1","",""
"userManual.section.usingTheApp.manager.feature2","1","1","",""
"userManual.section.usingTheApp.manager.feature3","1","1","",""
"userManual.section.usingTheApp.manager.feature4","1","1","",""
"userManual.section.usingTheApp.manager.feature5","1","1","",""
"userManual.section.usingTheApp.manager.title","1","1","",""
"userManual.section.usingTheApp.title","1","1","",""
"userManual.section.usingTheApp.user.desc","1","1","",""
"userManual.section.usingTheApp.user.title","1","1","",""
"userManual.section.voice.desc","1","1","",""
"userManual.section.voice.title","1","1","",""
"userRole.agent","1","1","",""
"userRole.manager","1","1","",""
"userRole.user","1","1","",""
"userRoleShort.agent","1","1","",""
"userRoleShort.manager","1","1","",""
"userRoleShort.user","1","1","",""
"video.widget.expand","1","1","",""
"video.widget.title","1","1","",""
"manager.dashboard.title","1","1","",""
"manager.invite.title","1","1","",""
"manager.invite.subtitle","1","1","",""
"manager.invite.subtitle2","1","1","",""
"manager.invite.mode","1","1","",""
"manager.invite.modeInvite","1","1","",""
"manager.invite.modeCreate","1","1","",""
"manager.invite.fullName","1","1","",""
"manager.invite.email","1","1","",""
"manager.invite.role","1","1","",""
"manager.invite.password","1","1","",""
"manager.invite.passwordConfirm","1","1","",""
"manager.invite.btn","1","1","",""
"manager.invite.btnLoading","1","1","",""
"manager.invite.btnCreate","1","1","",""
"manager.invite.btnCreating","1","1","",""
"manager.invite.agentCapInfo","1","1","",""
"manager.invite.success","1","1","",""
"manager.invite.created","1","1","",""
"manager.invite.errors.required","1","1","",""
"manager.invite.errors.agentCap","1","1","",""
"manager.invite.errors.countAgents","1","1","",""
"manager.invite.errors.planLimit","1","1","",""
"manager.invite.errors.generic","1","1","",""
"manager.invite.errors.weakPassword","1","1","",""
"manager.invite.errors.passwordMismatch","1","1","",""
"manager.invite.errors.timeout","1","1","",""
"role.agent","1","1","",""
"role.user","1","1","",""
"landing.setup.s4.strong","1","1","",""
"landing.setup.s4.text","1","1","",""
"infographie.title","1","1","",""
"infographie.subtitle","1","1","",""
"infographie.seeMore","1","1","",""
"advantagesContent","","","1","1"
"advantagesTitle","","","1","1"
"appDescription","","","1",""
"backToApp","","","1","1"
"conclusionContent","","","1","1"
"conclusionTitle","","","1","1"
"contact.backToHome","1","1","",""
"contact.badge","1","1","",""
"contact.body","1","1","",""
"contact.sectionTitle","1","1","",""
"contact.tagline","1","1","",""
"featuresContent","","","1","1"
"featuresTitle","","","1","1"
"futureContent","","","1","1"
"futureTitle","","","1","1"
"introContent","","","1","1"
"introTitle","","","1","1"
"limitsContent","","","1","1"
"limitsTitle","","","1","1"
"mainSubtitle","","","1","1"
"mainTitle","","","1","1"
"navbar.enterprise","1","1","",""
"navbar.investors","1","1","",""
"navbar.onboardingGuide","1","1","",""
"navbar.investorDeck","1","1","",""
"navbar.detailedDemo","1","1","",""
"navbar.technicalOverview","1","1","",""
"navbar.roadmap","1","1","",""
"navbar.implementationScenarios","1","1","",""
"navbar.group.resources","1","1","",""
"signupPlans.freemium.modal.description","1","1","",""
"signupPlans.freemium.modal.features.agentsLimit","1","1","",""
"signupPlans.freemium.modal.features.basicSupport","1","1","",""
"signupPlans.freemium.modal.features.noBilling","1","1","",""
"signupPlans.freemium.modal.features.noCost","1","1","",""
"signupPlans.freemium.modal.features.ticketsLimit","1","1","",""
"signupPlans.freemium.modal.features.title","1","1","",""
"signupPlans.freemium.modal.title","1","1","",""
"signupPlans.pro.payment.error","1","1","",""
"signupPlans.pro.payment.success","1","1","",""
"signupPlans.standard.modal.description","1","1","",""
"signupPlans.standard.modal.features.autoCategorization","1","1","",""
"signupPlans.standard.modal.features.billing","1","1","",""
"signupPlans.standard.modal.features.cancelAnytime","1","1","",""
"signupPlans.standard.modal.features.fullAI","1","1","",""
"signupPlans.standard.modal.features.slaStandard","1","1","",""
"signupPlans.standard.modal.features.unlimitedTickets","1","1","",""
"accessStatement","","","1","1"
"accessContact","","","1","1"
"title","","","1","1"
"subtitle","","","1","1"
"li1","","","1","1"
"li2","","","1","1"
"li3","","","1","1"
"li4","","","1","1"
"li5","","","1","1"
"li6","","","1","1"
"li7","","","1","1"
"li8","","","1","1"
"li9","","","1","1"
"statementLink","","","1","1"
"actionsAria","","","1","1"
"s1.strong","","","1","1"
"s1.text","","","1","1"
"s2.strong","","","1","1"
"s2.text","","","1","1"
"s3.strong","","","1","1"
"s3.text","","","1","1"
"ctaGuide","","","1","1"
"agentLimitReachedInvite","","","1","1"
"onboardingGuide.pageTitle","1","1","",""
"onboardingGuide.pageSubtitle","1","1","",""
"onboardingGuide.badge","1","1","",""
"onboardingGuide.section.who.title","1","1","",""
"onboardingGuide.section.who.manager","1","1","",""
"onboardingGuide.section.who.it","1","1","",""
"onboardingGuide.section.who.ceo","1","1","",""
"onboardingGuide.section.overview.title","1","1","",""
"onboardingGuide.section.overview.subtitle","1","1","",""
"onboardingGuide.section.overview.step1.title","1","1","",""
"onboardingGuide.section.overview.step1.desc","1","1","",""
"onboardingGuide.section.overview.step2.title","1","1","",""
"onboardingGuide.section.overview.step2.desc","1","1","",""
"onboardingGuide.section.overview.step3.title","1","1","",""
"onboardingGuide.section.overview.step3.desc","1","1","",""
"onboardingGuide.section.overview.step4.title","1","1","",""
"onboardingGuide.section.overview.step4.desc","1","1","",""
"onboardingGuide.section.step1.title","1","1","",""
"onboardingGuide.section.step1.p1","1","1","",""
"onboardingGuide.section.step1.p2","1","1","",""
"onboardingGuide.section.step1.p3","1","1","",""
"onboardingGuide.section.step2.title","1","1","",""
"onboardingGuide.section.step2.p1","1","1","",""
"onboardingGuide.section.step2.p2","1","1","",""
"onboardingGuide.section.step2.p3","1","1","",""
"onboardingGuide.section.step3.title","1","1","",""
"onboardingGuide.section.step3.p1","1","1","",""
"onboardingGuide.section.step3.p2","1","1","",""
"onboardingGuide.section.step3.p3","1","1","",""
"onboardingGuide.section.step4.title","1","1","",""
"onboardingGuide.section.step4.p1","1","1","",""
"onboardingGuide.section.step4.p2","1","1","",""
"onboardingGuide.section.step4.p3","1","1","",""
"onboardingGuide.section.advanced.title","1","1","",""
"onboardingGuide.section.advanced.p1","1","1","",""
"onboardingGuide.section.advanced.p2","1","1","",""
"onboardingGuide.section.advanced.p3","1","1","",""
"onboardingGuide.section.checklist.title","1","1","",""
"onboardingGuide.section.checklist.item1","1","1","",""
"onboardingGuide.section.checklist.item2","1","1","",""
"onboardingGuide.section.checklist.item3","1","1","",""
"onboardingGuide.section.checklist.item4","1","1","",""
"onboardingGuide.section.checklist.item5","1","1","",""
"onboardingGuide.section.footer.title","1","1","",""
"onboardingGuide.section.footer.p1","1","1","",""
"onboardingGuide.section.footer.ctaDemo","1","1","",""
"onboardingGuide.section.footer.ctaBack","1","1","",""
"enterprise.pageTitle","1","1","",""
"enterprise.pageSubtitle","1","1","",""
"enterprise.badge","1","1","",""
"enterprise.hero.ctaDemo","1","1","",""
"enterprise.hero.ctaContact","1","1","",""
"enterprise.section.context.title","1","1","",""
"enterprise.section.context.p1","1","1","",""
"enterprise.section.context.p2","1","1","",""
"enterprise.section.value.title","1","1","",""
"enterprise.section.value.item1.title","1","1","",""
"enterprise.section.value.item1.desc","1","1","",""
"enterprise.section.value.item2.title","1","1","",""
"enterprise.section.value.item2.desc","1","1","",""
"enterprise.section.value.item3.title","1","1","",""
"enterprise.section.value.item3.desc","1","1","",""
"enterprise.section.value.item4.title","1","1","",""
"enterprise.section.value.item4.desc","1","1","",""
"enterprise.section.useCases.title","1","1","",""
"enterprise.section.useCases.item1","1","1","",""
"enterprise.section.useCases.item2","1","1","",""
"enterprise.section.useCases.item3","1","1","",""
"enterprise.section.useCases.item4","1","1","",""
"enterprise.section.integration.title","1","1","",""
"enterprise.section.integration.p1","1","1","",""
"enterprise.section.integration.p2","1","1","",""
"enterprise.section.integration.list1","1","1","",""
"enterprise.section.integration.list2","1","1","",""
"enterprise.section.integration.list3","1","1","",""
"enterprise.section.plans.title","1","1","",""
"enterprise.section.plans.p1","1","1","",""
"enterprise.section.plans.p2","1","1","",""
"enterprise.section.next.title","1","1","",""
"enterprise.section.next.p1","1","1","",""
"enterprise.section.next.ctaDemo","1","1","",""
"enterprise.section.next.ctaContact","1","1","",""
"investor.pageTitle","1","1","",""
"investor.pageSubtitle","1","1","",""
"investor.badge","1","1","",""
"investor.hero.ctaDeck","1","1","",""
"investor.hero.ctaContact","1","1","",""
"investor.section.problem.title","1","1","",""
"investor.section.problem.p1","1","1","",""
"investor.section.problem.p2","1","1","",""
"investor.section.solution.title","1","1","",""
"investor.section.solution.p1","1","1","",""
"investor.section.solution.p2","1","1","",""
"investor.section.market.title","1","1","",""
"investor.section.market.p1","1","1","",""
"investor.section.market.p2","1","1","",""
"investor.section.model.title","1","1","",""
"investor.section.model.p1","1","1","",""
"investor.section.model.list1","1","1","",""
"investor.section.model.list2","1","1","",""
"investor.section.model.list3","1","1","",""
"investor.section.model.p2","1","1","",""
"investor.section.traction.title","1","1","",""
"investor.section.traction.p1","1","1","",""
"investor.section.traction.p2","1","1","",""
"investor.section.whyNow.title","1","1","",""
"investor.section.whyNow.p1","1","1","",""
"investor.section.whyNow.p2","1","1","",""
"investor.section.edge.title","1","1","",""
"investor.section.edge.list1","1","1","",""
"investor.section.edge.list2","1","1","",""
"investor.section.edge.list3","1","1","",""
"investor.section.edge.list4","1","1","",""
"investor.section.contact.title","1","1","",""
"investor.section.contact.p1","1","1","",""
"investor.section.contact.p2","1","1","",""
"investor.section.contact.ctaMail","1","1","",""
"investor.section.contact.ctaDemo","1","1","",""
"docs.downloadHint","1","1","",""
"docs.downloadPdf","1","1","",""
"docs.investorDeck.title","1","1","",""
"docs.investorDeck.subtitle","1","1","",""
"docs.investorDeck.summary.title","1","1","",""
"docs.investorDeck.summary.point1","1","1","",""
"docs.investorDeck.summary.point2","1","1","",""
"docs.investorDeck.summary.point3","1","1","",""
"docs.investorDeck.summary.point4","1","1","",""
"docs.investorDeck.summary.point5","1","1","",""
"docs.investorDeck.problems.title","1","1","",""
"docs.investorDeck.problems.point1","1","1","",""
"docs.investorDeck.problems.point2","1","1","",""
"docs.investorDeck.problems.point3","1","1","",""
"docs.investorDeck.value.title","1","1","",""
"docs.investorDeck.value.point1","1","1","",""
"docs.investorDeck.value.point2","1","1","",""
"docs.investorDeck.value.point3","1","1","",""
"docs.investorDeck.vision.title","1","1","",""
"docs.investorDeck.vision.point1","1","1","",""
"docs.investorDeck.metricsNote","1","1","",""
"docs.detailedDemo.title","1","1","",""
"docs.detailedDemo.subtitle","1","1","",""
"docs.detailedDemo.steps.title","1","1","",""
"docs.detailedDemo.steps.point1","1","1","",""
"docs.detailedDemo.steps.point2","1","1","",""
"docs.detailedDemo.steps.point3","1","1","",""
"docs.detailedDemo.steps.point4","1","1","",""
"docs.detailedDemo.steps.point5","1","1","",""
"docs.detailedDemo.video","1","1","",""
"docs.detailedDemo.useCase.title","1","1","",""
"docs.detailedDemo.useCase.description","1","1","",""
"docs.technicalOverview.title","1","1","",""
"docs.technicalOverview.subtitle","1","1","",""
"docs.technicalOverview.architecture.title","1","1","",""
"docs.technicalOverview.architecture.point1","1","1","",""
"docs.technicalOverview.architecture.point2","1","1","",""
"docs.technicalOverview.architecture.point3","1","1","",""
"docs.technicalOverview.security.title","1","1","",""
"docs.technicalOverview.security.point1","1","1","",""
"docs.technicalOverview.security.point2","1","1","",""
"docs.technicalOverview.security.point3","1","1","",""
"docs.technicalOverview.accessibility.title","1","1","",""
"docs.technicalOverview.accessibility.point1","1","1","",""
"docs.technicalOverview.accessibility.point2","1","1","",""
"docs.roadmap.title","1","1","",""
"docs.roadmap.subtitle","1","1","",""
"docs.roadmap.phase1.title","1","1","",""
"docs.roadmap.phase1.point1","1","1","",""
"docs.roadmap.phase1.point2","1","1","",""
"docs.roadmap.phase2.title","1","1","",""
"docs.roadmap.phase2.point1","1","1","",""
"docs.roadmap.phase2.point2","1","1","",""
"docs.roadmap.phase3.title","1","1","",""
"docs.roadmap.phase3.point1","1","1","",""
"docs.roadmap.phase3.point2","1","1","",""
"docs.roadmap.phase4.title","1","1","",""
"docs.roadmap.phase4.point1","1","1","",""
"docs.roadmap.phase4.point2","1","1","",""
"docs.roadmap.notice","1","1","",""
"docs.implementationScenarios.title","1","1","",""
"docs.implementationScenarios.subtitle","1","1","",""
"docs.implementationScenarios.sme.title","1","1","",""
"docs.implementationScenarios.sme.context","1","1","",""
"docs.implementationScenarios.sme.setup","1","1","",""
"docs.implementationScenarios.sme.benefits","1","1","",""
"docs.implementationScenarios.education.title","1","1","",""
"docs.implementationScenarios.education.context","1","1","",""
"docs.implementationScenarios.education.setup","1","1","",""
"docs.implementationScenarios.education.benefits","1","1","",""
"docs.implementationScenarios.public.title","1","1","",""
"docs.implementationScenarios.public.context","1","1","",""
"docs.implementationScenarios.public.setup","1","1","",""
"docs.implementationScenarios.public.benefits","1","1","",""
"docs.implementationScenarios.bpo.title","1","1","",""
"docs.implementationScenarios.bpo.context","1","1","",""
"docs.implementationScenarios.bpo.setup","1","1","",""
"docs.implementationScenarios.bpo.benefits","1","1","",""
"docs.implementationScenarios.gainsNotice","1","1","",""
"landing.hero.subtitlePrimary","","","",""
"landing.hero.subtitleSecondary","","","",""
"landing.hero.betaBadge","","","",""
"landing.hero.infographieLink","","","",""
"landing.presentation.title","","","",""
"landing.presentation.description","","","",""
"landing.presentation.description2","","","",""
"landing.presentation.description3","","","",""
"landing.presentation.description4","","","",""
"landing.presentation.forWho.title","","","",""
"landing.presentation.forWho.intro","","","",""
"landing.presentation.forWho.items","","","",""
"landing.presentation.problems.title","","","",""
"landing.presentation.problems.intro","","","",""
"landing.presentation.problems.items","","","",""
"landing.presentation.problems.conclusion","","","",""
"landing.impact.title","","","",""
"landing.impact.description","","","",""
"landing.rgaa.statementLinkFull","","","",""
"landing.pricing.beta.title","","","",""
"landing.pricing.beta.description","","","",""
"landing.pricing.beta.points","","","",""
"infographie.header.subtitle","","","",""
"infographie.intro.title","","","",""
"infographie.intro.description","","","",""
"infographie.intro.betaStatus","","","",""
"infographie.intro.objective","","","",""
"infographie.features.title","","","",""
"infographie.features.subtitle","","","",""
"infographie.features.chartTitle","","","",""
"infographie.features.chartDescription","","","",""
"infographie.features.distributionLabel","","","",""
"infographie.features.labels","","","",""
"infographie.features.cards","","","",""
"infographie.tech.title","","","",""
"infographie.tech.subtitle","","","",""
"infographie.tech.frontend.title","","","1",""
"infographie.tech.frontend.subtitle","","","",""
"infographie.tech.frontend.items","","","",""
"infographie.tech.backend.title","","","",""
"infographie.tech.backend.subtitle","","","",""
"infographie.tech.backend.items","","","",""
"infographie.tech.services.title","","","",""
"infographie.tech.services.subtitle","","","",""
"infographie.tech.services.items","","","",""
"infographie.security.sectionTitle","","","",""
"infographie.security.sectionSubtitle","","","",""
"infographie.security.title","","","",""
"infographie.security.description","","","",""
"infographie.security.coverageLabel","","","",""
"infographie.security.labels","","","",""
"infographie.security.measuresTitle","","","",""
"infographie.security.measuresDescription","","","",""
"infographie.security.measures.items","","","",""
"infographie.satisfaction.title","","","",""
"infographie.satisfaction.description","","","",""
"infographie.satisfaction.datasetLabel","","","",""
"infographie.satisfaction.labels","","","",""
"infographie.impact.title","","","",""
"infographie.impact.description","","","",""
"infographie.impact.cards","","","",""
"infographie.footer.title","","","",""
"infographie.footer.description","","","",""
